Titulo;E-ISSN;P-ISSN;Institución;Editora
Patristica et Mediaevalia;2683-9636;0325-2280;Universidad de Buenos Aires, Facultad de Filosofía y Letras, Sección de Estudios de Filosofía Medieval;Universidad de Buenos Aires
Proyecciones;2618-5474;1850-6542;Universidad Nacional de La Plata;Universidad Nacional de La Plata
Tópicos;1668-723X;1666-485X;Universidad Nacional del Litoral;Asociación Revista de Filosofía de Santa Fe
Evidencia. Actualización en la Práctica Ambulatoria;1851-9776;1667-5703;null;Fundacion MF
Marine and Fishery Sciences;2683-7951;null;null;Instituto Nacional de Investigación y Desarrollo Pesquero (INIDEP)
Argentinian Journal of Respiratory and Physical Therapy;2618-4095;null;null;Argentinian Journal of Respiratory & Physical Therapy
Pensum;2469-0724;null;Universidad Nacional de Córdoba, Facultad de Arquitectura, Urbanismo y Diseño, Instituto de Investigación de Vivienda y Hábitat;Universidad Nacional de Córdoba
Revista Quebracho;1851-3026;0328-0543;Universidad Nacional de Santiago del Estero, Facultad de Ciencias Forestales;Universidad Nacional de Santiago del Estero
Quid 16;2250-4060;null;Universidad de Buenos Aires, Instituto de Investigaciones Gino Germani;Universidad de Buenos Aires
Identidades;2250-5369;null;Instituto de Estudios Sociales y Políticos de la Patagonia;Universidad Nacional de la Patagonia San Juan Bosco
Debate Universitario;2314-1530;2314-2138;Universidad Abierta Interamericana UAI;Universidad Abierta Interamericana
Cuadernos de Historia del Arte;2618-5555;0070-1688;Universidad Nacional de Cuyo. Facultad de Filosofía y Letras. Insstituto de Historia del Arte;Universidad Nacional de Cuyo. Facultad de Filosofía y Letras. Insstituto de Historia del Arte
Anales (Asociación Física Argentina);1850-1168;0327-358X;Asociacion Fisica Argentina;CEILAP-UNIDEF-CONICET-CITEDEF
Anuario del Centro de Estudios Históricos "Profesor Carlos S. A. Segreti";2683-9164;1666-6836;null;Centro de Estudios Históricos Segreti
Prohistoria;1851-9504;1514-0032;null;Grupo Prohistoria
Revista de Psicología;2469-2050;1669-2438;null;Pontificia Universidad Católica Argentina. Facultad de Psicología y Psicopedagogía
ConCienciaSocial;2591-5339;null;Universidad Nacional de Córdoba, Facultad de Ciencias Sociales, Dirección de Carrera de Licenciatura en Trabajo Social;Universidad Nacional de Córdoba
Revista Argentina de Radiología;1852-9992;0048-7619;Sociedad Argentina de Radiología (SAR) and Federación Argentina de Asociaciones de Radiología, Diagnóstico por Imágenes y Terapia Radiante (FAARDIT).;Publicaciones Permanyer
Revista TEFROS;1669-726X;null;Universidad Nacional de Río Cuarto, Taller de Etnohistoria de la Frontera Sur;Universidad Nacional de Río Cuarto
Geograficando;2346-898X;1850-1885;Facultad de Humanidades y Ciencias de la Educación, Departamento de Geografía;Universidad Nacional de La Plata
Revista Latinoamericana de la Papa;1853-4961;null;null;Asociación Latinoamericana de la Papa
Revista de la Sociedad Entomológica Argentina;1851-7471;0373-5680;null;Sociedad Entomológica Argentina
Revista de la Escuela de Antropología;2618-2998;1852-1576;null;Escuela de Antropología,  Facultad de Humanidades y Artes.  Universidad Nacional de Rosario
Virtualidad, Educación y Ciencia;1853-6530;null;Universidad Nacional de Córdoba;Maestría en Procesos Educativos Mediados por Tecnología
Sociedades Precapitalistas;2250-5121;null;Facultad de Humanidades y Ciencias de la Educación, Centro de Estudios de Historia Social Europea;Universidad Nacional de La Plata
Revista Pares;2718-8582;null;Red Académica Pares;Red Académica Pares
Cuadernos del CILHA;1852-9615;1515-6125;Centro Interdisciplinario de Literatura Hispanoamericana;Universidad Nacional de Cuyo
Revista Latinoamericana de Estudios Rurales;2525-1635;null;Asociación Latinoamericana de Sociología Rural;Asociación Latinoamericana de Sociología Rural , CEIL-CONICET
Revista Argentina de Microbiología;1851-7617;0325-7541;Asociación Argentina de Microbiología;Elsevier España
Auster;2346-8890;null;Centro de Estudios Latinos. IdIHCS (UNLP-CONICET);Universidad Nacional de La Plata, Facultad de Humanidades y Ciencias de la Educación
Zona Franca;2545-6504;null;Centro de Estudios Interdisciplinarios de las Mujeres, Maestría en Poder y Sociedad desde la Problemática del Género;Centro de Estudios Interdisciplinarios de las Mujeres
Revista de Estudios Clásicos;2469-0643;0325-3465;Instituto de Lenguas y Literaturas Clásicas;Universidad Nacional de Cuyo
Revista Electrónica de Fuentes y Archivos;1853-4503;null;null;Centro de Esudios Históricos "Prof. Carlos S .A. Segreti"
Acta Toxicológica Argentina;1851-3743;0327-9286;Asociación Toxicológica Argentina;Asociación Toxicológica Argentina
Ética & Cine;2250-5415;2250-5660;Universidad de Buenos Aires, Facultad de Psicología;Universidad Nacional de Córdoba (UNC)
Cartografías del Sur;2422-6920;2422-7951;Universidad Nacional de Avellaneda, Secretaría de Investigación e Innovación Productiva;Universidad Nacional de Avellaneda
Cuestiones de Sociología;2346-8904;null;Facultad de Humanidades y Ciencias de la Educación, Departamento de Sociología;Universidad Nacional de La Plata
Con X;2469-0333;null;Universidad Nacional de La Plata, Facultad de Periodismo y Comunicación Social;Universidad Nacional de La Plata, Facultad de Periodismo y Comunicación Social
Perspectivas de las Ciencias Económicas y Jurídicas;2545-8566;2250-4087;Universidad Nacional de La Pampa, Facultad de Ciencias Económicas y Jurídicas;Universidad Nacional de La Pampa
Oficios Terrestres;1853-3248;1668-5431;Universidad Nacional de la Plata, Facultad de Periodismo y Comunicación Social;Universidad Nacional de la Plata
Astrolabio: Nueva Época;1668-7515;null;Centro de Investigaciones y Estudios sobre Cultura y Sociedad (CIECS);Universidad Nacional de Córdoba
Sociohistórica;1852-1606;null;Facultad de Humanidades y Ciencias de la Educación, Centro de Investigaciones Socio Históricas;Universidad Nacional de La Plata
Hipertextos;2314-3924;2314-3916;Universidad de Buenos Aires (UBA), Universidad Maimónides, Universidad Nacional de La Plata (UNLP), Universidad Nacional de Rafaela (UNRaf);Universidad Nacional de La Plata
Argumentos;2525-0469;null;Centro de Perfeccionamiento "Ricardo C. Nuñez" del Poder Judicial de la Provincia de Córdoba;Centro de Perfeccionamiento "Ricardo C. Nuñez" del Poder Judicial de la Provincia de Córdoba
Investigaciones y Ensayos;2545-7055;0539-242X;Academia Nacional de la Historia de la República Argentina;Academia Nacional de la Historia de la Republica Argentina
Ñeatá;2718-7268;null;null;Universidad Nacional del Nordeste
Quinto Sol;1851-2879;0329-2665;Universidad Nacional de La Pampa. Facultad de Ciencias Humanas. Instituto de Estudios Sociohistóricos;Instituto de Estudios Sociohistóricos, Facultad de Ciencias Humanas, Universidad Nacional de La Pampa
Ensayos de Política Económica;2313-979X;1853-6999;Pontificia Universidad Católica Argentina;Pontificia Universidad Católica Argentina
Intersecciones en Comunicación;2250-4184;1515-2332;null;Facultad de Ciencias Sociales Universidad Nacional del Centro de la Provincia de Buenos Aires
Acta Gastroenterológica Latinoamericana;2469-1119;0300-9033;Sociedad Argentina de Gastroenterología;Sociedad Argentina de Gastroenterología
Arquitecno;2683-9881;0328-0896;Universidad Nacional del Nordeste, Facultad de Arquitectura y Urbanismo;Universidad Nacional del Nordeste
Revista Argentina de Terapia Intensiva;2591-3387;null;Sociedad Argentina de Terapia Intensiva;Sociedad Argentina de Terapia Intensiva
Agriscientia;1668-298X;0327-6244;null;Facultad de Ciencias Agropecuarias, Universidad Nacional de Córdoba
BAG. Journal of Basic and Applied Genetics;1852-6233;null;Sociedad Argentina de Genética;Sociedad Argentina de Genética
Ab Intus;2618-2734;null;Universidad Nacional de Río Cuarto;Universidad Nacional de Río Cuarto. Facultad de Agronomía y Veterinaria
Folia Histórica del Nordeste;2525-1627;0325-8238;Universidad Nacional del Nordeste, Instituto de Investigaciones Geohistóricas - CONICET;Universidad Nacional del Nordeste
Revista Latinoamericana de Estudios sobre Cuerpos, Emociones y Sociedad;1852-8759;null;null;Universidad de Córdova, Consejo Nacional de Investigaciones Científicas y Técnicas
Revista Lecciones y Ensayos;2362-4620;0024-0079;Universidad de Buenos Aires, Facultad de Derecho;Editorial Universitaria de Buenos Aires
Cuadernos del CURIHAM;2683-8168;null;Centro Universitario Rosario de Investigaciones Hidroambientales;Universidad Nacional de Rosario
Temas de Historia Argentina y Americana;2618-1924;1666-8146;Universidad Católica Argentina;Instituto de Historia Argentina y Americana
Anales de Historia Antigua, Medieval y Moderna;1853-1555;1514-9927;Universidad de Buenos Aires, Facultad de Filosofía y Letras, Instituto de Historia Antigua y Medieval;Universidad de Buenos Aires, Facultad de Filosofía y Letras
Revista Argentina de Ciencias del Comportamiento;1852-4206;null;Asociación Argentina de Ciencias del Comportamiento;Universidad Nacional de Córdoba
Orbis Tertius;1851-7811;null;Universidad Nacional de La Plata, Facultad de Humanidades y Ciencias de la Educación, Centro de Teoría y Crítica Literaria;Universidad Nacional de La Plata
Recial;1853-4112;null;Universidad Nacional de Córdoba, Facultad de Filosofia y Humanidades, Centro de Investigaciones, Área Letras;Universidad Nacional de Córdoba
Revista del Instituto Superior de Música;2362-3322;1666-7603;Universidad Nacional del Litoral;Instituto Superior de Música
Revista de la Escuela de Ciencias de la Educación;2362-3349;1851-6297;Universidad Nacional de Rosario, Facultad de Humanidades y Artes, Escuela de Ciencias de la Educación;Laborde Editor
Siglo Dieciocho;2684-0553;null;null;Asociación Argentina de Estudios del Siglo XVIII
RiHumSo;2250-8139;null;Universidad Nacional de La Matanza;Departamento de Humanidades y Ciencias Sociales
Avatares de la Comunicación y la Cultura;1853-5925;null;Carrera de Ciencias de la Comunicación de la Facultad de Ciencias Sociales UBA;Dirección de la Carrera de Ciencias de la Comunicación de la Facultad de Ciencias Sociales UBA
Cuaderno Urbano;1853-3655;1666-6186;Universidad Nacional del Nordeste. Facultad de Arquitectura y Urbanismo;Universidad Nacional del Nordeste
Anuario de Arqueología;2684-0138;1852-8554;Universidad Nacional de Rosario, Departamento de Arqueolgía, Escuela de Antropología, Facultad de Humanidades y Artes;Universidad Nacional de Rosario
Temas y Debates;1853-984X;1666-0714;Universidad Nacional de Rosario, Facultad de Ciencia Política y Relaciones Internacionales;Universidad Nacional de Rosario
Anclajes;1851-4669;0329-3807;Instituto de Investigaciones Literarias y Discursivas;Universidad Nacional de La Pampa
Intersecciones en Antropología;1850-373X;1666-2105;null;Universidad Nacional del Centro de la Provincia de Buenos Aires
Revista de Educación Matemática;1852-2890;0326-8780;Unión Matemática Argentina;Universidad Nacional de Córdoba, Facultad de Matemática, Astronomía, Física y Computación
Papeles del Centro de Investigaciones de la Facultad de Ciencias Jurídicas y Sociales;2591-2852;1853-2845;null;Universidad Nacional del Litoral
Perspectivas Revista de Ciencias Sociales;2525-1112;null;Centro de Investigaciones en Política y Economía Internacional (CIPEI);Universidad Nacional de Rosario
Antiguos Jesuitas en Iberoamérica;2314-3908;null;Centro de Investigaciones y Estudios sobre Cultura y Sociedad (CIECS) - Consejo Nacional de Investigaciones Científicas y Técnicas (CONICET) - Universidad Nacional de Córdoba (UNC);Centro de Investigaciones sobre Cultura y Sociedad, Consejo Nacional de Investigaciones Científicas y Técnicas, Universidad Nacional de Córdoba
Proyección;1852-0006;null;Instituto de Cartografía, Investigación y Formación para el Ordenamiento Territorial. Universidad Nacional de Cuyo;Universidad Nacional de Cuyo
Artroscopia;1853-4759;1851-2828;Asociacion Argentina de Artroscopia;Asociacion Argentina de Artroscopia
Intersticios;2250-6543;null;Universidad Nacional de Córdoba, Facultad de Filosofía y Humanidades, Centro de Investigaciones;Universidad Nacional de Córdoba
Registros;2250-8112;null;Universidad Nacional de Mar del Plata, Facultad de Arquitectura, Urbanismo y Diseño;Universidad Nacional de Mar del Plata
Estudios de Filosofía Práctica e Historia de las Ideas;1851-9490;1515-7180;Grupo de investigación de Filosofía Práctica e Historia de las Ideas INCIHUSA Instituto de Ciencias Humanas, Sociales y Ambientales CCT Centro Científico Tecnológico Mendoza - CONICET;Grupo de investigación de Filosofía Práctica e Historia de las Ideas INCIHUSA Instituto de Ciencias Humanas, Sociales y Ambientales CCT Centro Científico Tecnológico Mendoza - CONICET
Scripta Ethnologica;1669-0990;0325-6669;null;Centro Argentino de Etnología Americana
Contabilidad y Auditoría;1852-446X;1515-2340;null;Universidad de Buenos Aires
Informes Científicos y Técnicos (Universidad Nacional de la Patagonia Austral);1852-4516;null;null;Universidad Nacional de la Patagonia Austral
Atek Na;2422-6726;1668-1479;Universidad Nacional de Luján;Universidad Nacional de Luján
Estudios Rurales;2250-4001;null;Universidad Nacional de Quilmes, Centro de Estudios de la Argentina Rural;Universidad Nacional de Quilmes
Pampa: Revista Interuniversitaria de Estudios Territoriales;2314-0208;1669-3299;Universidad Nacional del Litoral;Universidad Nacional del Litoral
Revista Argentina de Antropología Biológica;1853-6387;1514-7991;null;Asociación de Antropología Biológica Argentina
Revista del CISEN;2344-9594;null;Universidad Nacional de Salta, Centro de Investigaciones Sociales y Educativas del Norte Argentino;Universidad Nacional de Salta
Res Gesta;2525-0884;0325-772X;Pontificia Universidad Católica Argentina, Facultad de Derecho y Ciencias Sociales del Rosario, Instituto de Historia;Pontificia Universidad Católica Argentina
Revista Tramas y Redes;2796-9096;null;Consejo Latinoamericano de Ciencias Sociales;Consejo Latinoamericano de Ciencias Sociales
Educación, Formación e Investigación;2422-5975;null;Ministerio de Educación, Dirección General de Educación Superior;Ministerio de Educación, Dirección General de Educación Superior
Artilugio;2408-462X;null;National University of Cordoba (UNC), Faculty of Arts, CePIA (Arts Production and Research Center);EdFA - Editorial de la Facultad de Artes UNC
E-l@tina: Revista Electrónica de Estudios Latinoamericanos;1666-9606;null;Grupo de Estudios de Sociología Histórica de América Latina;Universidad de Buenos Aires
Tábano;2591-572X;1852-7221;Pontificia Universidad Católica Argentina;Pontificia Universidad Católica Argentina
Revista de la Sociedad Argentina de Diabetes;2346-9420;0325-5247;Sociedad Argentina de Diabetes;Sello Editorial Lugones
Hematología;2250-8309;0329-0379;Sociedad Argentina de Hemagología;Sociedad Argentina de Hematología
Revista Chuy;2422-5932;null;Universidad Nacional de Tres de Febrero, Instituto de Investigaciones en Arte y Cultura "Dr. Norberto Griffa", Programa de Estudios Latinoamericanos, Contemporáneos y Comparados;Universidad Nacional de Tres de Febrero
La Aljaba;1669-5704;0328-6169;Universidad Nacional de La Pampa,Universidad Nacional de Luján,Universidad Nacional del Comahue;Universidad Nacional de La Pampa, Universidad Nacional de Luján, Universidad Nacional del Comahue
Conflicto Social;1852-2262;null;Universidad de Buenos Aires, Facultad de Ciencias Sociales, Instituto de Investigaciones Gino Germani, Programa de Investigaciones sobre Conflicto Social;Universidad de Buenos Aires, Facultad de Ciencias Sociales, Instituto de Investigaciones Gino Germani
Revista del Museo de Antropologia;1852-4826;1852-060X;null;Museo de Antropologia
Párrafos Geográficos;1853-9424;null;Universidad Nacional de la Patagonia San Juan Bosco;Instituto de Investigaciones Geográficas de la Patagonia
Revista +E;2346-9986;2250-4591;null;Universidad Nacional del Litoral
Historia & Guerra;2796-8650;null;null;Facultad de Filosofía y Letras, Universidad de Buenos Aires
Anuario del Instituto de Historia Argentina;2314-257X;1668-950X;Facultad de Humanidades y Ciencias de la Educación;Universidad Nacional de La Plata
Ciencia del Suelo;1850-2067;0326-3169;Asociacion Argentina de la Ciencia del Suelo;Asociación Argentina de la Ciencia del Suelo
Revista IRICE;2618-4052;0327-392X;Instituto Rosario de Investigaciones en Ciencias de la Educacion (IRICE) CONICET/UNR;IRICE (CONICET/UNR)
Revista Teología;2683-7307;0328-1396;Pontificia Universidad Católica Argentina;Pontificia Universidad Católica Argentina
Revista del Museo Argentino de Ciencias Naturales;1853-0400;1514-5158;null;Museo Argentino de Ciencias Naturales Bernardino Rivadavia e Instituto Nacional de Investigación de las Ciencias Naturales
Geográfica Digital;1668-5180;null;Universidad Nacional del Nordeste, Facultad de Humanidades, Instituto de Geografía;Universidad Nacional del Nordeste
RASAL Lingüística;2618-3455;2250-7353;Sociedad Argentina de Estudios Lingüísticos;Sociedad Argentina de Estudios Lingüísticos
Revista de la Facultad de Ciencias Económicas;1668-6365;1668-6357;Universidad Nacional del Nordeste, Facultad de Ciencias Económicas;Universidad Nacional del Nordeste
Studium: Filosofía y Teología;2591-426X;0329-8930;Universidad del Norte Santo Tomás de Aquino;Universidad del Norte Santo Tomás de Aquino
Kimün. Revista Interdisciplinaria de Formación Docente;2469-066X;null;Instituto de Formación Docente Continua de San Luis;PPCT
Anacronismo e Irrupción;2250-4982;null;Instituto de Investigaciones Gino Germani;Universidad de Buenos Aires
Anuario de Investigaciones;1851-1686;0329-5885;null;Facultad de Psicología Universidad de Buenos Aires
deSignis;2462-7259;1578-4223;null;Federación Latinoamericana de Semiótica (FELS)
Psocial;2422-619X;null;Universidad de Buenos Aires, Facultad de Ciencias Sociales;Universidad de Buenos Aires
De Prácticas y Discursos;2250-6942;null;Universidad Nacional del Nordeste, Centro de Estudios Sociales;Universidad Nacional del Nordeste
Relaciones de la Sociedad Argentina de Antropología;1852-1479;0325-2221;null;Sociedad Argentina de Antropología
Revista Methodo;2545-8302;null;null;Universidad Católica de Córdoba
Lilloa;2346-9641;0075-9481;Fundación Miguel Lillo;Fundación Miguel Lillo
(En)clave Comahue;2545-6393;2545-6466;Universidad Nacional del Comahue, Facultad de Derecho y Ciencias Sociales;Universidad Nacional del Comahue
En Letra;2362-2148;null;null;Ciudad Autónoma de Buenos Aires
Boletín Geográfico;2313-903X;0326-1735;null;Departamento de Geografía, Facultad de Humanidades, Universidad Nacional del Comahue
Revista del Instituto de Investigaciones en Educación;1853-1393;null;null;Universidad Nacional del Nordeste
Arqueologia;1853-8126;0327-5159;Universidad de Buenos Aires. Facultad de Filosofía y Letras. Instituto de Arqueología;Instituto de Arqueología, Facultad de Filosofía y Letras, Universidad de Buenos Aires
El Oído Pensante;2250-7116;null;Instituto de Ciencias Antropológicas, Facultad de Filosofía y Letras (Universidad de Buenos Aires);Instituto de Ciencias Antropológicas, Facultad de Filosofía y Letras (Universidad de Buenos Aires)
Ciencia Veterinaria;1853-8495;1515-1883;Universidad Nacional de La Pampa, Facultad de Ciencias Veterinarias;Universidad Nacional de La Pampa
Caiana: Revista de Historia del Arte y Cultura Visual;2313-9242;null;null;Centro Argentino de Investigadores de Arte
Evaluar;1667-4545;null;Universidad Nacional de Córdoba, Facultad de Psicología, Laboratorio de Evaluación Psicológica y Educativa;Universidad Nacional de Córdoba
Miríada: Investigación en Ciencias Sociales;2250-4621;1851-9431;Universidad del Salvador, Facultad de Ciencias Sociales, Instituto de Investigación en Ciencias Sociales;Universidad del Salvador
Revista de Ciencia y Tecnología;1851-7587;0329-8922;Universidad Nacional de Misiones, Facultad de Ciencias Exactas, Químicas y Naturales, Secretaría de Investigación y Posgrado;Universidad Nacional de Misiones
Coordenadas: Revista de Historia Local y Regional;2362-4752;null;Centro de Investigaciones Históricas, Grupo de Investigación y Extensión en Historia Regional;Universidad Nacional de Río Cuarto
Papers in Physics;1852-4249;null;null;Papers in Physics
Lúdicamente;2250-723X;null;Instituto de Investigaciones Gino Germani, Universidad de Buenos Aires;Ciudad Autónoma de Buenos Aires : C. Duek N. Enriz
Corpus: Archivos Virtuales de la Alteridad Americana;1853-8037;null;null;Centro Científico y Tecnológico-CONICET, Mendoza & Universidad Nacional de La Pampa
Prismas;1852-0499;1666-1508;Universidad Nacional de Quilmes, Centro de Estudios e Investigaciones, Programa de Historia Intelectual;Universidad Nacional de Quilmes
El Jardín de los Poetas;2469-2131;null;Universidad Nacional de Mar del Plata, Facultad de Humanidades, Centro de Letras Hispanoamericanas;Universidad Nacional de Mar del Plata
Exlibris;2314-3894;null;Universidad de Buenos Aires, Facultad de Filosofía y Letras, Departamento de Letras;Universidad de Buenos Aires
Pescadora de Perlas;2953-4410;2953-5093;null;Universidad Nacional de Córdoba
Ideas;2451-6910;null;null;RAGIF Ediciones
Historia Regional;2469-0732;0329-8213;Instituto Superior del Profesorado N° 3 "Eduardo Lafferriére", Villa Constitución;Instituto Superior del Profesorado N° 3 "Eduardo Lafferriére", Villa Constitución
Boletín de la Sociedad Argentina de Botánica;1851-2372;0373-580X;Sociedad Argentina de Botánica;Sociedad Argentina de Botánica
Revista Latinoamericana de Antropología del Trabajo;2591-2755;null;null;Centro de Estudios e Investigaciones Laborales (CEIL-CONICET) , Centro de Investigación y Estudios Superiores en Antropología Social (CIESAS-CONACYT)
Papeles de Trabajo;1851-2577;null;null;Universidad Nacional de San Martín
La Zaranda de Ideas;1853-1296;1669-7456;Asociación de Arqueólogos Profesionales de la República Argentina;Asociación de Arqueólogos Profesionales de la República Argentina
Ciencia, Tecnología y Política;2618-3188;2618-2483;Universidad Nacional de la Plata. Cátedra Libre Ciencia, Política y Sociedad;Universidad Nacional de La Plata
Journal of Computer Science and Technology;1666-6038;1666-6046;null;Postgraduate Office, School of Computer Science, Universidad Nacional de La Plata
ARQUISUR Revista;2250-4206;1853-2365;Asociación de Escuelas y Facultades de Arquitectura Públicas de América del Sur;Ediciones UNL
Trabajos y Comunicaciones;2346-8971;null;Facultad de Humanidades y Ciencias de la Educación, Departamento de Historia;Universidad Nacional de La Plata
Estudios de Historia de España;2469-0961;0328-0284;null;Universidad Católica Argentina
Cuadernos de la Facultad de Humanidades y Ciencias Sociales: Universidad Nacional de Jujuy;1668-8104;0327-1471;FACULTAD DE HUMANIDADES Y CIENCIAS SOCIALES - UNIVERSIDAD NACIONAL DE JUJUY;JOSE E DIPIERRI
Revista de Estudios Marítimos y Sociales;2545-6237;1852-0669;Universidad Nacional de Mar del Plata;GESMar
Revista Derecho y Salud;2591-3476;2591-3468;Universidad Blas Pascal;Universidad Blas Pascal
Cuadernos de Literatura;2684-0499;0326-5102;Universidad Nacional del Nordeste;Instituto de Letras Alfredo Veiravé, Facultad de Humanidades, Universidad Nacional del Nordeste
Huellas;2362-5643;0329-0573;Universidad Nacional de La Pampa. Facultad de Ciencias Humanas, Instituto de Geografía;Universidad Nacional de La Pampa. Facultad de Ciencias Humanas
CELEHIS;2313-9463;0328-5766;Universidad Nacional de Mar del Plata, Facultad de Humanidades, Centro de Letras Hispanoamericanas;Universidad Nacional de Mar del Plata
Revista de Economía Política de Buenos Aires;1853-1350;1850-6933;Universidad de Buenos Aires, Facultad de Ciencias Económicas;Universidad de Buenos Aires, Facultad de Ciencias Económicas
Estudios Sociales Contemporáneos;2451-5965;1850-6747;Instituto Multidisciplinario de Estudios Sociales Contemporáneos. Consejo Nacional de Investigaciones Científicas y Técnicas. Facultad de Filosofía y Letras. Universidad Nacional de Cuyo. Argentina;Universidad Nacional de Cuyo
Revista Discusiones;2718-6474;1515-7326;null;Universidad Nacional del Sur
Fave: Sección Ciencias Agrarias;2346-9129;1666-7719;UNL;Universidad Nacional del Litoral
Revista Argentina de Estudios de Juventud;1852-4907;null;null;Universidad Nacional de La Plata, Facultad de Periodismo y Comunicación Social
Revista de la Asociación Odontológica Argentina;2683-7226;0004-4881;Asociación Odontológica Argentina;Asociación Odontológica Argentina
Comechingonia;2250-7728;0326-7911;Consejo Nacional de Investigaciones Científicas y Técnicas, Centro Argentino de Información Científica y Tecnológica;Centro de Estudios Históricos
Revista de la Facultad de Ciencias Médicas de Córdoba;1853-0605;0014-6722;Universidad Nacional de Córdoba, Facultad de Ciencias Médicas;Universidad Nacional de Córdoba
Costos y Gestión;2545-8329;null;null;Instituto Argentino de Profesores Universitarios de Costos (IAPUCo)
Revista Pilquen: Sección Ciencias Sociales;1851-3123;null;Universidad Nacional del Comahue, Centro Universitario Regional Zona Atlántica;Universidad Nacional del Comahue
Archivos de Historia del Movimiento Obrero y la Izquierda;null;2313-9749;null;Centro de Estudios Históricos de los Trabajadores y las Izquierdas
Páginas de Filosofía;1853-7960;0327-5108;Universidad Nacional del Comahue, Facultad de Humanidades, Departamento de Filosofía;Universidad Nacional del Comahue
La Trama de la Comunicación;2314-2634;1668-5628;null;Universidad Nacional Rosario
Revista Pilquen: Sección Psicopedagogía;1851-3115;null;Universidad Nacional del Comahue, Centro Universitario Regional Zona Atlántica;Universidad Nacional del Comahue
Tobacco Prevention and Cessation;2459-3087;null;European Network for Smoking and Tobacco Prevention;European Publishing
Avances del Cesor;2422-6580;1514-3899;Universidad Nacional de Rosario, Consejo Nacional de Investigaciones Científicas y Técnicas, Nodo Centro de Estudios Sociales Regionales, Unidad Ejecutora Investigaciones Socio-Históricas Regionales;Universidad Nacional de Rosario
Signo y Seña;2314-2189;null;Universidad de Buenos Aires, Facultad de Filosofía y Letras, Instituto de Lingüística;Universidad de Buenos Aires
Políticas de la Memoria;2683-7234;1668-4885;Centro de Documentacion e Investigacion de la Cultura de Izquierdas (CeDInCI);Centro de Documentacion e Investigacion de la Cultura de Izquierdas (CeDInCI)
Revista del Hospital Italiano de Buenos Aires;2314-3312;null;Instituto Universitario Hospital Italiano de Buenos Aires;Instituto Universitario Hospital Italiano de Buenos Aires
Revista Derechos en Acción;2525-1686;2525-1678;Universidad Nacional de La Plata, Facultad de Ciencias Jurídicas y Sociales;Universidad Nacional de La Plata
Palabra Clave [La Plata];1853-9912;1666-2938;Universidad Nacional de La Plata, Facultad de Humanidades y Ciencias de la Educación, Departamento de Bibliotecología;Universidad Nacional de La Plata
Revista de la Facultad de Ciencias Agrarias;1853-8665;0370-4661;Universidad Nacional de Cuyo. Facultad de Ciencias Agrarias;Facultad de Ciencias Agrarias. Universidad Nacional de Cuyo
Revista Científica;2525-0396;null;Universidad Nacional de Lomas de Zamora, Facultad de Ingeniería, Secretaria de Planeamiento;Universidad Nacional de Lomas de Zamora
Mundo de Antes;2362-325X;null;Instituto de Arqueología y Museo, Facultad de Ciencias Naturales e IML, Universidad Nacional de Tucumán;Instituto de Arqueología y Museo, Facultad de Ciencias Naturales e IML, Universidad Nacional de Tucumán
Vivienda y Ciudad;2422-670X;null;Universidad Nacional de Córdoba, Facultad de Arquitectura, Urbanismo y Diseño, Instituto de Investigación de Vivienda y Hábitat;Universidad Nacional de Córdoba, Argentina
Revista de Educación;1853-1326;1853-1318;Universidad Nacional de Mar del Plata, Facultad de Humanidades, Centro de Investigaciones multidisciplinarias en Educación;Universidad Nacional de Mar del Plata
El Cardo;1851-1562;1514-7347;Facultad de Ciencias de la Educación - Universidad Nacional de Entre Ríos;Universidad Nacional de Entre Ríos
Crítica y Resistencias;2525-0841;null;Centro de Estudios Políticos y Sociales de América Latina (CEPSAL), Fundación El llano;Centro de Estudios Políticos y Sociales de América Latina, Fundación El llano
Etcétera;2618-4281;null;Universidad Nacional de Córdoba,  Centro de Investigaciones de la Facultad de Filosofía y Humanidades;Universidad Nacional de Córdoba
Revista del Centro de Estudios de Sociología del Trabajo;1852-494X;1852-4648;Universidad de Buenos Aires. Facultad de Ciencias Económicas. Instituto de Investigaciones en Administración, Contabilidad y Métodos Cuantitativos para la Gestión. Centro de Estudios de Sociología del Trabajo;Universidad de Buenos Aires
Magallanica: Revista de Historia Moderna;2422-779X;null;Universidad Nacional de Mar del Plata, Facultad de Humanidades, Red de Historia Moderna, Grupo de Investigaciones en Historia de Europa Moderna;Universidad Nacional de Mar del Plata
Cuadernos de H Ideas;2313-9048;1851-8206;Facultad de Periodismo y Comunicación Social;Universidad Nacional de La Plata
Anuario;2545-8299;1852-5784;Universidad de Buenos Aires. Facultad de Ciencias Económicas. Centro de Estudios Económicos de la Empresa y el Desarrollo;Universidad de Buenos Aires. Facultad de Ciencias Económicas. Centro de Estudios Económicos de la Empresa y el Desarrollo
Revista Argentina de Dermatología;1851-300X;0325-2787;Asociación Argentina de Dermatología;Asociación Argentina de Dermatología
Ciencia, Docencia y Tecnología;1851-1716;0327-5566;Universidad Nacional de Entre Ríos;Universidad Nacional de Entre Ríos
Revista de Educación en Biología;2344-9225;0329-5192;Argentine Association of Biology Teachers (Asociación de Docentes de Biología de Argentina);Argentine Association of Biology Teachers (Asociación de Docentes de Biología de Argentina)
Anuario TAREA;2469-0422;2362-6070;Instituto de Investigaciones sobre el Patrimonio Cultural;Universidad Nacional de San Martín
Vivomatografías;2469-0767;null;Núcleo de Estudios sobre Precine y Cine Silente Latinoamericano;Núcleo de Estudios sobre Precine y Cine Silente Latinoamericano
Ciencias Económicas;2362-552X;1666-8359;Universidad Nacional del Litoral, Facultad de Ciencias Económicas;Universidad Nacional del Litoral
Darwiniana;1850-1702;0011-6793;Instituto de Botánica Darwinion y el Museo Botánico de Córdoba;Instituto de Botánica Darwinion y el Museo Botánico de Córdoba
Cuestión Urbana;2545-6881;null;Universidad de Buenos Aires, Centro de Estudios de la Ciudad;Universidad de Buenos Aires
Revista del IICE;2451-5434;0327-7763;Instituto de Investigaciones en Ciencias de la Educación-FFYL-UBA;Facultad de Filosofía y Letras, Universidad de Buenos Aires
Revista Electrónica de Didáctica en Educación Superior;1853-3159;null;Universidad de Buenos Aires, Ciclo Básico Común, Biología para el Tercer Milenio;Universidad de Buenos Aires
Area;2591-5312;0328-1337;Universidad de Buenos Aires. Facultad de Arquitectura, Diseño y Urbanismo;Universidad de Buenos Aires. Facultad de Arquitectura, Diseño y Urbanismo
RIA: Revista Investigaciones Agropecuarias;1669-2314;0325-8718;Instituto Nacional de Tecnología Agropecuaria (INTA);Instituto Nacional de Tecnología Agropecuaria (INTA)
Nuevo Itinerario;1850-3578;null;Universidad Nacional del Nordeste, Facultad de Humanidades, Instituto de Filosofía;Universidad Nacional del Nordeste
Relaciones Internacionales;2314-2766;1515-3371;Universidad Nacional de La Plata. Facultad de Ciencias Jurídicas y Sociales. Instituto de Relaciones Internacionales;Universidad Nacional de La Plata
Revista Foro de Educación Musical, Artes y Pedagogía;2525-1317;2545-7101;Mutual Arte y Educación. Editorial Arte y Pedagogía;Editorial Arte y Pedagogía, Mutual Arte y Educación
Historia de la Educación Anuario;2313-9277;null;Sociedad Argentina de Investigación y Enseñanza en Historia de la Educación (SAIEHE);Sociedad Argentina de Investigación y Enseñanza en Historia de la Educación (SAIEHE)
Telondefondo : Revista de Teoría y Crítica Teatral;1669-6301;null;Facultad de Filosofía y Letras (UBA);Universidad de Buenos Aires
Anuario Digital (Escuela de Historia. Facultad de Humanidades y Artes. Universidad Nacional de Rosario);1853-8835;0327-215X;Universidad Nacional de Rosario, Facultad de Humanidades y Artes, Escuela de Historia;Universidad Nacional de Rosario
Revista de la Facultad de Agronomía;1669-9513;null;null;Universidad Nacional de La Plata, Facultad de Ciencias Agrarias y Forestales
Salud Colectiva;1851-8265;1669-2381;Instituto de Salud Colectiva, Universidad Nacional de Lanús;Instituto de Salud Colectiva, Universidad Nacional de Lanús
Espacios en Blanco. Serie Indagaciones;2313-9927;1515-9485;Núcleo de estudios Educacionales y Sociales;Universidad Nacional del Centro de la Provincia de Buenos Aires
Revista Colección;1850-003X;0328-7998;null;Pontificia Universidad Católica Argentina, Facultad de Ciencias Sociales, Departamento de Ciencias Políticas y Relaciones Internacionales
Revista Entramados;2422-6459;null;Universidad Nacional de Mar del Plata, Facultad de Humanidades, Centro de Investigaciones multidisciplinarias en Educación;Universidad Nacional de Mar del Plata
Sudamérica;2314-1174;2250-7779;Universidad Nacional de Mar del Plata, Centro de Estudios Sociales y Políticos;Universidad Nacional de Mar del Plata
Boletín de Estudios Geográficos;2525-1813;0374-6186;null;Instituto de Geografía, Facultad de Filosofía y Letras, Universidad Nacional de Cuyo
Diálogos Pedagógicos;2524-9274;1667-2003;Universidad Católica de Córdoba, Facultad de Educación;Universidad Católica de Córdoba
Armiliar;2545-7888;null;null;Universidad Nacional de La Plata, Facultad de Bellas Artes
Itinerarios Educativos;2362-5554;1850-3853;Universidad Nacional del Litoral, Facultad de Humanidades y Ciencias, Instituto de Desarrollo e Investigación para la Formación Docente;Universidad Nacional del Litoral
Descentrada;2545-7284;null;Universidad Nacional de La Plata;Centro Interdisciplinario de Investigaciones en Género (CInIG)
Mora;1853-001X;0328-8773;Facultad de Filosofía y Letras, Universidad de Buenos Aires;Facultad de Filosofía y Letras, Universidad de Buenos Aires
Ecología Austral;1667-782X;0327-5477;Asociación Argentina de Ecología;Asociación Argentina de Ecología
FAVE Sección Ciencias Veterinarias;2362-5589;null;Universidad Nacional del Litoral, Facultad de Ciencias Veterinarias;Universidad Nacional del Litoral
Revista de Arqueología Histórica Argentina y Latinoamericana;2344-9918;1851-3190;null;Asociación de Arqueólogos Profesionales de la República Argentina
Analecta Veterinaria;1514-2590;0365-5148;Universidad Nacional de La Plata, Facultad de Ciencias Veterinarias;Universidad Nacional de La Plata
Anales;2591-6386;0075-7411;Universidad Nacional de La Plata, Facultad de Ciencias Jurídicas y Sociales;Universidad Nacional de La Plata
Aura: Revista de Historia y Teoría del Arte;2347-0135;null;null;Universidad Nacional del Centro de la Provincia de Buenos Aires
Epistemus;1853-0494;null;Sociedad Argentina para las Ciencias Cognitivas de la Música;Universidad Nacional de La Plata
Enfoques;1669-2721;1514-6006;Asociación Colegio Adventista del Plata;Editorial Universidad Adventista del Plata
Escritos Contables y de Administración;1853-2055;1853-2063;Universidad Nacional del Sur, Departamento de Ciencias de la Administración;Editorial de la Universidad Nacional del Sur (Ediuns)
Estudios de Teoría Literaria;2313-9676;null;Universidad Nacional de Mar del Plata, Facultad de Humanidades, Departamento de Letras, Grupo de Investigación Estudios de Teoría Literaria;Universidad Nacional de Mar del Plata
Anales del Instituto de Arte Americano e Investigaciones Estéticas "Mario J. Buschiazzo";2362-2024;0328-9796;Instituto de Arte Americano e Investigaciones Estéticas "Mario J. Buschiazzo";Universidad de Buenos Aires
Serie Correlación Geológica;1666-9479;1514-4186;null;Instituto Superior de Correlación Geológica
Delito y Sociedad: Revista de Ciencias Sociales;2468-9963;0328-0101;Universidad Nacional del Litoral;Universidad Nacional del Litoral
Antigua Matanza;2545-8701;null;null;Universidad Nacional de La Matanza, Secretaría de Extensión Universitaria, Junta de Estudios Históricos de la Matanza
Cultura Económica;1852-5342;1852-0588;null;Pontificia Universidad Católica Argentina, Facultad de Ciencias Económicas, Centro de Estudios en Economía y Cultura
Revista Latinoamericana de Filosofía Política;2250-8619;null;null;Centro de Investigaciones Filosóficas
Revista de la Carrera de Sociología;1853-6484;null;Universidad de Buenos Aires, Facultad de Ciencias Sociales, Carrera de Sociología;Carrera de Sociología de la Facultad de Ciencias Sociales de la Universidad de Buenos Aires
Textos y Contextos desde el Sur;2347-081X;null;Universidad Nacional de la Patagonia San Juan Bosco;Universidad Nacional de la Patagonia San Juan Bosco
Runa;1851-9628;0325-1217;Instituto de Ciencias Antropológicas, Facultad de Filosofía y Letras (Universidad de Buenos Aires);Universidad de Buenos Aires
Question;1669-6581;null;Universidad Nacional de La Plata;Universidad Nacional de La Plata
Revista de Psicología;2422-572X;null;Universidad Nacional de La Plata, Facultad de Psicología;Universidad Nacional de La Plata
Reseñas de Enseñanza de la Historia;2796-9304;1668-8864;Asociación de Profesores de Enseñanza de la Historia de Universidades Nacionales -APEHUN-;Asociación de Profesores de Enseñanza de la Historia de Universidades Nacionales -APEHUN-
A&P Continuidad;2362-6097;2362-6089;Universidad Nacional de Rosario, Facultad de Arquitectura, Planeamiento y Diseño;Universidad Nacional de Rosario
Avá;1851-1694;1515-2413;null;Universidad Nacional de Misiones
Rince;1851-3239;null;Universidad Nacional de la Matanza, Departamento de Ciencias Económicas;Universidad Nacional de La Matanza
Práctica Arqueológica;2618-2874;null;Asociación de Arqueólogos Profesionales de la República Argentina;Asociación de Arqueólogos Profesionales de la República Argentina
Revista de Estudios sobre Genocidio;2362-3985;1851-8184;Universidad Nacional de Tres de Febrero, Centro de Estudios sobre Genocidio;Universidad Nacional de Tres de Febrero
Boletín de Arte;2314-2502;1853-0710;Universidad Nacional de La Plata, Facultad de Bellas Artes;Papel Cosido
Estudios Sociales del Estado;2422-7803;null;Instituto de Desarrollo Económico y Social (IDES);Centro de Investigaciones Sociales (CIS)
Imagofagia;1852-9550;null;Asociación Argentina de Estudios de Cine y Audiovisual;Asociación Argentina de Estudios de Cine y Audiovisual
Archivos de Ciencias de la Educación;2346-8866;null;Universidad Nacional de La Plata, Facultad de Humanidades y Ciencias de la Educación;Universidad Nacional de La Plata
Arte e Investigación;2469-1488;1850-2334;Universidad Nacional de La Plata, Facultad de Bellas Artes;Papel Cosido
Revista Iberoamericana de Tecnología en Educación y Educación en Tecnología;1850-9959;1851-0086;null;Red de Universidades Nacionales con Carreras de Informática
Revista de Salud Pública;1852-9429;1853-1180;Escuela de Salud Pública (Facultad de Ciencias Médicas);Universidad Nacional de Córdoba
Dominguezia;1669-6859;0327-2818;Universidad de Buenos Aires, Facultad de Farmacia y Bioquímica;Museo de Farmacobotánica "Juan A. Domínguez"
IXTLI;2408-4751;null;Asociación Latinoamericana de Filosofía de la educación;Asociación Latinoamericana de Filosofía de la Educación
Quintú Quimün;2591-541X;null;Universidad Nacional del Comahue, Facultad de Lenguas;Universidad Nacional del Comahue
DavarLogos;1853-9106;1666-7832;Asociación Colegio Adventista del Plata;Editorial Universidad Adventista del Plata
Dios y el Hombre;2618-2858;null;Seminario Mayor San José de La Plata;Universidad Nacional de La Plata
Anuario IEHS;2524-9339;0326-9671;null;Universidad Nacional del Centro de la Provincia de Buenos Aires, Facultad de Ciencias Humanas, Instituto de Estudios Histórico-Sociales
Tecnología y Ciencia;1666-6933;1666-6917;Universidad Tecnologica Nacional;Universidad Tecnologica Nacional
Journal de Ciencias Sociales;2362-194X;null;Universidad de Palermo, Facultad de Ciencias Sociales;Universidad de Palermo
Anuario de la Escuela de Historia Virtual;1853-7049;null;Escuela de Historia;Universidad Nacional de Córdoba
Biología Acuática;1668-4869;null;Instituto de Limnología "Raúl A. Ringuelet. (CONICET-UNLP);Instituto de Limnología "Raúl A. Ringuelet. (CONICET-UNLP)
Urbania;2591-5681;1853-7626;null;Arqueocoop LTDA
Revista de la Asociación Argentina de Ortopedia y Traumatologia;1852-7434;1515-1786;Asociacion Argentina de Ortopedia y Traumatologia;Asociacion Argentina de Ortopedia y Traumatologia
Synthesis (La Plata);1851-779X;0328-1205;Centro de Estudios Helénicos;Universidad Nacional de La Plata
Revista de Nefrología, Diálisis y Trasplante;2346-8548;0326-3428;Asociación Regional de Diálisis y Trasplantes Renales de Capital Federal y Provincia de Buenos Aires;Asociación Regional de Diálisis y Trasplantes Renales de Capital Federal y Provincia de Buenos Aires
Pasado Abierto;2451-6961;null;null;Universidad Nacional de Mar del Plata
Análisis Filosófico;1851-9636;0326-1301;Sociedad Argentina de Análisis Filosófico (SADAF);Sociedad Argentina de Análisis Filosófico (SADAF)
Revista Eurolatinoamericana de Derecho Administrativo;2362-583X;null;Red Docente Eurolatinoamericana de Derecho Administrativo;Universidad Nacional del Litoral
Revista Argentina de Investigación Educativa;2796-7433;null;Universidad Pedagógica Nacional;Universidad Pedagógica Nacional
RevIISE;2250-5555;null;null;IISE
Realidad, Tendencias y Desafíos en Turismo;2545-6199;1850-4787;Universidad Nacional del Comahue, Facultad de Turismo;Universidad Nacional del Comahue
Plaza Pública: Revista de Trabajo Social;1852-2459;null;Universidad Nacional del Centro de la Provincia de Buenos Aires, Facultad de Ciencias Humanas. Carrera de Trabajo Social;Universidad Nacional del Centro de la Provincia de Buenos Aires
Cuadernos de Herpetología;1852-5768;0326-551X;Asociación Herpetológica Argentina;Asociación Herpetológica Argentina
Estudios Digital;1852-1568;0328-185X;Universidad Nacional de Córdoba, Facultad de Ciencias Sociales;Universidad Nacional de Córdoba
Revista Argentina de Reumatología;2362-3675;0327-4411;Sociedad Argentina de Reumatologia;Sociedad Argentina de Reumatologia
Confabulaciones;2545-8736;null;Facultad de Filosofía y Letras, Universidad Nacional de Tucumán;Instituto Interdisciplinario de Literaturas Argentina y Comparadas (IILAC)
Controversias y Concurrencias Latinoamericanas;2219-1631;null;Asociación Latinoamericana de Sociología;Asociación Latinoamericana de Sociología
Revista Argentina de Anatomía Clínica;1852-8023;null;Asociación Argentina de Anatomía Clínica;Asociación Argentina de Anatomía Clínica
Revista de Culturas y Literaturas Comparadas;2591-3883;1852-4737;Universidad Nacional de Córdoba, Facultad de Lenguas. Centro de Investigación en Literatura y Cultura;Universidad Nacional de Córdoba
Revista de Geología Aplicada a la Ingeniería y al Ambiente;2422-5703;1851-7838;Asociacion Argentina de Geología Aplicada a la Ingeniería;Asociación Argentina de Geología Aplicada a la Ingenería
Iberoamerican Journal of Project Management;2346-9161;null;Red Iberoamericana de Ingeniería de Proyectos. RIIPRO.;Universidad Nacional de Mar del Plata
Odisea: Revista de Estudios Migratorios;2408-445X;null;Universidad de Buenos Aires, Facultad de Ciencias Sociales, Instituto de Investigaciones Gino Germani;Universidad de Buenos Aires
Boletín de Historia Argentina y Americana Dr. Emilio Ravignani;1850-2563;0524-9767;Universidad de Buenos Aires, Facultad de Filosofía y Letras, Instituto de Historia Argentina y Americana Dr. Emilio Ravignani;Universidad de Buenos Aires
REVCOM;2451-7836;null;Asociación Civil Red de Carreras de Comunicación Social y Periodismo;Asociación Civil Red de Carreras de Comunicación Social y Periodismo
Memoria Americana;1851-3751;0327-5752;Universidad de Buenos Aires, Facultad de Filosofía y Letras, Instituto de Ciencias Antropológicas, Sección Etnohistoria;Universidad de Buenos Aires
Revista Industrial y Agrícola de Tucumán;1851-3018;0370-5404;Estación Experimental Agroindustrial Obi;Leonardo Daniel Ploper
Argumentos : Revista de Crítica Social;1666-8979;null;Universidad de Buenos Aires. Facultad de Ciencias Sociales. Instituto de Investigaciones Gino Germani;Instituto de Investigaciones Gino Germani, Facultad de Ciencias Sociales, Universidad de Buenos Aires
Olivar: Revista de Literatura y Cultura Españolas;1852-4478;1515-1115;Universidad Nacional de La Plata, Facultad de Humanidades y Ciencias de la Educación, Secretaría de Investigación, Centro de Estudios de Teoría y Crítica Literaria;Universidad Nacional de La Plata
Información, Cultura y Sociedad;1851-1740;1514-8327;Universidad de Buenos Aires, Facultad de Filosofía y Letras, Instituto de Investigaciones Bibliotecológicas;Universidad de Buenos Aires
Revista de Enseñanza de la Física;2250-6101;0326-7091;Asociación de Profesores de Física de la Argentina;Asociación de Profesores de Física de Argentina
Revista Abierta de Informática Aplicada;2591-5320;null;Universidad Abierta Interamericana, Fundación Iberoamericana de Estudios Superiores;Universidad Abierta Interamericana
Actualidad Económica;2250-754X;0327-585X;Universidad Nacional de Córdoba, Facultad de Ciencias Económicas, Instituto de Economía y Finanzas;Universidad Nacional de Córdoba
Paraguay desde las Ciencias Sociales;2314-1638;null;Universidad de Buenos Aires, Instituto de Estudios de América Latina y el Caribe;Universidad de Buenos Aires
Rey Desnudo: Revista de Libros;2314-1204;null;null;Rey Desnudo
Heterotopías;2618-2726;null;Universidad Nacional de Córdoba;Universidad Nacional de Córdoba
Revista Latinoamericana de Metodologia de la Investigacion Social;1853-6190;null;Ciudad Autónoma de Buenos Aires;Estudios Sociologicos Editora
1991. Revista de Estudios Internacionales;2683-720X;null;Centro de Investigaciones y Estudios sobre Cultura y Sociedad (CIECS) - Consejo Nacional de Investigaciones Científicas y Técnicas (CONICET) - Universidad Nacional de Córdoba (UNC);CEA Unidad Ejecutora CONICET-UNC (20730)
Revista Argentina de Salud Pública;1853-810X;1852-8724;null;Ministerio de Salud
Agronomía & Ambiente;2344-9039;2314-2243;Universidad de Buenos Aires, Facultad de Agronomía;Universidad de Buenos Aires
Punto Sur;2683-7404;null;Instituto de Geografía Dr. Romualdo Ardissone;Facultad de Filosofía y Letras, Universidad de Buenos Aires
Meteorologica;1850-468X;0325-187X;null;Centro Argentino de Meteorólogos
SaberEs;1852-4222;1852-4184;Universidad Nacional de Rosario, Facultad de Ciencias Económicas y Estadística;Universidad Nacional de Rosario
Revista UCES D.G. "Enseñanza y Aprendizaje del Diseño;2344-9551;null;null;Universidad de Ciencias Empresariales y Sociales
Praxis Educativa;2313-934X;0328-9702;Universidad Nacional de La Pampa, Facultad de Ciencias Humanas, Instituto de Ciencias de la Educación;Universidad Nacional de La Pampa
Cuadernos Medievales;2451-6821;null;Facultad de Humanidades;Universidad Nacional de Mar del Plata
Revista Latinoamericana de Metodología de las Ciencias Sociales;1853-7863;null;Universidad Nacional de La Plata, Facultad de Humanidades y Ciencias de la Educación, Centro Interdisciplinario de Metodología de las Ciencias Sociales;Universidad Nacional de La Plata
Revista de Ciencias Empresariales;2468-9807;2468-9785;Córdoba Management School, Universidad Blas Pascal;Universidad Blas Pascal
Characteristica Universalis Journal;2313-9501;null;null;Centro de Filosofía Clásica Alemana
Población & Sociedad;1852-8562;0328-3445;null;Universidad Nacional de La Pampa, Facultad de Ciencias Humanas
Estudios del ISHiR;2250-4397;null;null;Consejo de Investigaciones Científicas y Técnicas Investigaciones Socio-Históricas Regionales
Revista de la Red de Intercátedras de Historia de América Latina Contemporánea;2250-7264;null;Universidad Nacional de Córdoba, Facultad de Filosofía, Escuela de Historia de América;Universidad Nacional de Córdoba
Revista de la Unión Matemática Argentina;1669-9637;0041-6932;Unión Matemática Argentina;Unión Matemática Argentina
Estudios Económicos;2525-1295;0425-368X;Universidad Nacional del Sur, Departamento de Economía, y CONICET, Instituto de Investigaciones Económicas y Sociales del Sur;Editorial de la Universidad Nacional del Sur (Ediuns)
Cuadernos de Extensión Universitaria de la UNLPam;2718-7500;2451-5930;null;Universidad Nacional de La Pampa. Secretaría de Cultura y Extensión Universitaria
Revista Administración Pública y Sociedad;2524-9568;null;Universidad Nacional de Córdoba (UNC), Facultad de Ciencias Sociales, Instituto de Investigación y Formación en Administración Pública (IIFAP);Universidad Nacional de Córdoba (UNC)
Semiárida;2408-4077;2362-4337;Universidad Nacional de La Pampa, Facultad de Agronomía;Universidad Nacional de La Pampa
Prudentia Iuris;2524-9525;0326-2774;Pontificia Universidad Católica Argentina, Facultad de Derecho;Pontificia Universidad Católica Argentina
Visión de Futuro;1668-8708;1669-7634;null;Universidad Nacional de Misiones
Revista Latinoamericana en Discapacidad, Sociedad y Derechos Humanos;2525-1643;null;Red Iberoamericana de Expertos sobre la Convención de los Derechos de las Personas con Discapacidad;Red Iberoamericana de Expertos sobre la Convención de los Derechos de las Personas con Discapacidad
Acta Zoológica Lilloana;1852-6098;0065-1729;Fundación Miguel Lillo;Fundación Mguel Lillo
Revista del Hospital de Niños;null;0521-517X;Hospital de Niños Ricardo Gutiérrez;Asociación de Profesionales del Hospital de Niños R. Gutiérez
Austral Comunicación;2313-9137;2313-9129;Universidad Austral Argentina, Facultad de Comunicación;Universidad Austral Argentina
Nuevo Pensamiento;1853-7596;null;Universidad del Salvador,Instituto de Investigaciones Filosóficas de la Facultad de Filosofía, Historia, Letras y Estudios Orientales;Universidad del Salvador
Revista Estudios Ambientales;2347-0941;null;Universidad Nacional del Centro de la Provincia de Buenos Aires Facultad de Ciencias Humanas Centro de Investigaciones y Estudios Ambientales;Universidad Nacional del Centro de la Provincia de Buenos Aires
Diferencia(s);2469-1100;null;Universidad de Buenos Aires, Facultad de Ciencias Sociales, Instituto de Investigaciones Gino Germani, Grupo De Estudios Sobre Estructuralismo Y Posestructuralismo;Universidad de Buenos Aires
El Taco en la Brea;2362-4191;null;null;Universidad Nacional del Litoral
Horticultura Argentina;1851-9342;0327-3431;Asociación Argentina de Horticultura (ASAHO);Asociación Argentina de Horticultura (ASAHO)
Revista de Historia Americana y Argentina;2314-1549;0556-5960;null;Instituto de Historia Americana y Argentina. Facultad de Filosofía y Letras. Universidad Nacional de Cuyo
Revista de Economía y Estadística;2451-7321;0034-8066;Universidad Nacional de Córdoba, Facultad de Ciencias Económicas, Instituto de Economía y Finanzas;Universidad Nacional de Córdoba
Raigal;2469-1216;null;Universidad Nacional de Villa María, Instituto Académico Pedagógico de Ciencias Sociales;Universidad Nacional de Villa María
Revista Digital de Políticas Lingüísticas;1853-3256;null;Universidad Nacional de Córdoba, Facultad de Lenguas;Asociación de Universidades Grupo Montevideo
Psicodebate;2451-6600;1515-2251;null;Universidad de Palermo
Extensión en Red;1852-9569;null;Universidad Nacional de La Plata, Facultad de Periodismo y Comunicación Social;Universidad Nacional de La Plata
Cuadernos de Antropología Social;1850-275X;0327-3776;null;Universidad de Buenos Aires
Divulgatio;2591-3530;null;Universidad Nacional de Quilmes, Secretaría de Posgrado;Universidad Nacional de Quilmes
Publicación Electrónica de la Asociación Paleontológica Argentina;2469-0228;null;Asociación Paleontológica Argentina;Asociación Paleontológica Argentina
Badebec;1853-9580;null;Universidad Nacional de Rosario, Facultad de Humanidades y Artes, Centro de Estudios de Teoría y Crítica Literaria;Universidad Nacional de Rosario
Cuadernos del CIMBAGE;1669-1830;1666-5112;Universidad de Buenos Aires. Facultad de Ciencias Económicas. Instituto de Investigaciones en Administración, Contabilidad y Métodos Cuantitativos para la Gestión. Centro de Investigación en Metodologías Básicas y Aplicadas a la Gestión;Universidad de Buenos Aires
Saberes y Prácticas: Revista de Filosofía y Educación;2525-2089;null;null;Centro de Investigaciones Interdisciplinarias de Filosofía en la Escuela, Facultad de Filosofía y Letras, Universidad Nacional de Cuyo
Educación Física y Ciencia;2314-2561;1514-0105;Facultad de Humanidades y Ciencias de la Educación, Departamento de Educación Física;Universidad Nacional de La Plata
Revista Electrónica de Investigación en Educación en Ciencias;1850-6666;null;Núcleo de Investigación en Educación en Ciencia y Tecnología (NIECYT) - Departamento de Formación Docente, Facultad de Ciencias Exactas;Universidad Nacional del Centro de la Provincia de Buenos Aires
Revista Contenciosa;2347-0011;null;Centro de Estudios Sociales Interdisciplinarios del Litoral, Facultad de Humanidades y Ciencias de la Universidad Nacional del Litoral;Ediciones UNL
Revista Iberoamericana de la Propiedad Intelectual;2422-569X;null;null;Universidad Austral
Revista Binacional Brasil - Argentina;2316-1205;null;Universidade Estadual do Sudoeste da Bahia;Universidade Estadual do Sudoeste da Bahia
Culturas;2362-5538;1515-3738;Universidad Nacional del Litoral, Facultad de Humanidades y Ciencias;Universidad Nacional del Litoral
Revista Electrónica de Derecho Internacional Contemporáneo;2618-303X;2618-3048;null;Universidad Nacional de La Plata
Cuadernos de Economía Crítica;2525-1538;2408-400X;Sociedad de Economía Crítica de Argentina y Uruguay;Sociedad de Economía Crítica de Argentina y Uruguay
Estudios Socioterritoriales: Revista de Geografía;1853-4392;1515-6206;CONICET - UNCPBA. Instituto de Geografía, Historia y Ciencias Sociales. Centro de Investigaciones Geográficas.;Universidad Nacional del Centro de la Provincia de Buenos Aires
Calamus;2545-627X;null;Sociedad Argentina de Estudios Medievales;Sociedad Argentina de Estudios Medievales
Páginas;1851-992X;null;Universidad Nacional de Rosario, Facultad de Humanidades y Artes, Escuela de Historia;Universidad Nacional de Rosario
Telar;1668-3633;1668-2963;Universidad Nacional de Tucumán, Facultad de Filosofía y Letras, Instituto Interdisciplinario de Estudios Latinoamericanos;Universidad Nacional de Tucumán
Trabajo y Sociedad;1514-6871;null;null;Universidad Nacional de Santiago del Estero
Revista Elektrón;2525-0159;null;Universidad de Buenos Aires, Facultad de Ingeniería;Universidad de Buenos Aires
Revista Jurídica Austral;2684-057X;2684-0537;Universidad Austral, Facultad de Derecho;Universidad Austral
Bonplandia;1853-8460;0524-0476;Instituto de Botánica del Nordeste, Facultad de Ciencias Agrarias, Universidad Nacional del Nordeste;Instituto de Botánica del Nordeste
Itinerantes;2525-2178;2250-5377;Universidad del Norte Santo Tomás de Aquino, Instituto de Investigaciones Históricas "Prof. Manuel Soriano";Universidad del Norte Santo Tomás de Aquino
Ciencias Administrativas;2314-3738;0009-6784;Universidad Nacional de La Plata, Facultad de Ciencias Económicas;Universidad Nacional de La Plata
Ingenio Tecnológico;2618-4931;null;null;Universidad Tecnológica Nacional, Facultad Regional La Plata
Estudios Sociales;2250-6950;0327-4934;Universidad Nacional del Litoral;Universidad Nacional del Litoral
Cuadernos de Marte;1852-9879;null;Universidad de Buenos Aires. Facultad de Ciencias Sociales. Instituto de Investigaciones Gino Germani;Universidad de Buenos Aires, Facultad de Ciencias Sociales, Instituto de Investigaciones Gino Germani
H-Industri@;1851-703X;1853-550X;Universidad de Buenos Aires. Facultad de Ciencias Económicas;Universidad de Buenos Aires. Facultad de Ciencias Económicas
Etnografías Contemporáneas;2451-8050;1669-2632;Universidad Nacional San Martín;Universidad Nacional San Martín
Epistemología e Historia de la Ciencia;2525-1198;null;Universidad Nacional de Córdoba, Centro de Investigaciones de la Facultad de Filosofía y Humanidades;Universidad Nacional de Córdoba
Aportes para la Integración Latinoamericana;2468-9912;1667-8613;Universidad Nacional de La Plata, Facultad de Ciencias Jurídicas y Sociales, Instituto de Integración Latinoamericana;Universidad Nacional de La Plata
Revista Médica de Rosario;1851-2135;0327-5019;Círculo Médico de Rosario;Círculo Médico de Rosario
Interdisciplinaria;1668-7027;0325-8203;CONICET, Centro Interamericano de Investigaciones Psicológicas y Ciencias Afines;CONICET, Centro Interamericano de Investigaciones Psicológicas y Ciencias Afines
Revista Enfermería Neonatal;2591-6424;null;FUNDASAMIN-Fundación para la Salud Materno Infantil;FUNDASAMIN-Fundación para la Salud Materno Infantil
Revista Científica Arbitrada de la Fundación MenteClara;2469-0783;null;Fundación MenteClara;Fundación MenteClara
Circe de Clásicos y Modernos;1851-1724;1514-3333;Universidad Nacional de La Pampa, Facultad de Ciencias Humanas, Instituto de Estudios Clásicos;Universidad Nacional de La Pampa
Revista del Museo de La Plata;2545-6377;2545-6369;Universidad Nacional de La Plata, Facultad de Ciencias Naturales y Museo;Universidad Nacional de La Plata
Clio y Asociados;2362-3063;0328-820X;null;Universidad Nacional del Litoral
Cuadernos de Historia: Serie Economía y Sociedad;2422-7544;1514-5816;Universidad Nacional de Córdoba, Facultad de Filosofía y Humanidades, Centro de Investigaciones María Saleme de Burnichon;Universidad Nacional de Córdoba
Cuadernos de Política Exterior Argentina;1852-7213;0326-7806;Universidad Nacional de Rosario (UNR) - Centro de Estudios en Relaciones Internacionales de Rosario (CERIR);Universidad Nacional de Rosario
Andes;1668-8090;null;null;Universidad Nacional de Salta, Facultad de Humanidades, Centro Promocional de las Investigaciones en Historia y Antropología
Mundo Agrario;1515-5994;null;null;Universidad Nacional de La Plata
Improntas de la Historia y la Comunicación;2469-0457;null;Universidad Nacional de La Plata, Facultad de Periodismo y Comunicación Social, Centro de Estudios en Historia, Comunicación, Periodismo y Medios;Universidad Nacional de La Plata
